1,Machine Learning and AI,"or(concept('artificial intelligence'), concept('machine learning'), concept('deep learning'), concept('neural networks'), concept('AI tools'), concept('AI applications'))"
2,DevOps and Cloud Computing,"or(concept('DevOps'), concept('cloud computing'), concept('automation'), concept('containerization'), concept('cloud services'), concept('software delivery'), concept('infrastructure management'))"
3,Cybersecurity,"or(concept('cybersecurity'), concept('information security'), concept('network security'), concept('data protection'), concept('cyber attacks'), concept('security threats'))"
4,Data Science and Analytics,"or(concept('data science'), concept('big data'), concept('data analysis'), concept('data visualization'), concept('analytics'), concept('statistical analysis'))"
5,Web Development,"or(concept('web development'), concept('HTML'), concept('CSS'), concept('JavaScript'), concept('web design'), concept('frontend development'), concept('backend development'))"
6,Mobile App Development,"or(concept('mobile app development'), concept('iOS development'), concept('Android development'), concept('app design'), concept('user experience'), concept('mobile programming'))"
7,Blockchain and Cryptocurrency,"or(concept('blockchain'), concept('cryptocurrency'), concept('Bitcoin'), concept('Ethereum'), concept('digital currencies'), concept('smart contracts'), concept('decentralized applications'))"
8,Hardware and IoT,"or(concept('hardware'), concept('IoT'), concept('embedded systems'), concept('electronics'), concept('Internet of Things'), concept('smart devices'), concept('connectivity solutions'))"
9,Virtual Reality and Augmented Reality,"or(concept('virtual reality'), concept('augmented reality'), concept('VR'), concept('AR'), concept('immersive technology'), concept('interactive environments'))"
10,Gaming and Game Development,"or(concept('gaming'), concept('game development'), concept('video games'), concept('game design'), concept('game programming'), concept('esports'))"
